BG,GT,Rep,BF,mat,AF,IT,ID,n,germ.1,germ.2,germ.3,germ.4,germ.5,germ.6,germ.7,germ.8,germ.9,germ.10,germ.11,germ.12,germ.13,germ.14,germ.15,germ.16,germ.17,germ.18
col,col ,1,18,18-18,18,18,1,20,0,0,1,2,4,8,8,9,9,9,9,9,9,9,9,9,9,9
col,col ,2,18,18-18,18,18,2,20,0,0,6,16,18,19,19,19,19,19,19,19,19,19,19,19,19,19
col,col ,3,18,18-18,18,18,3,20,0,1,3,3,3,5,5,5,5,5,5,5,5,5,5,5,5,5
col,col ,4,18,18-18,18,18,4,20,0,1,6,14,15,17,17,17,17,17,17,17,17,17,17,17,17,17
col,col ,5,18,18-18,18,18,5,20,0,0,3,8,11,12,12,12,12,12,12,12,12,12,12,12,12,12
col,col ,6,18,18-18,18,18,6,20,0,0,6,6,8,8,8,8,8,8,8,8,8,8,8,8,8,8
col,col ,7,18,18-18,18,18,7,20,0,0,0,6,6,6,6,6,6,6,6,6,6,6,6,6,6,6
col,col ,8,18,18-18,18,18,8,20,0,0,8,10,15,16,17,17,18,19,19,19,19,19,19,19,19,19
col,col ,9,18,18-18,18,18,9,20,0,0,4,5,6,8,9,9,9,9,9,9,9,9,9,9,9,9
col,col ,10,18,18-18,18,18,10,20,0,0,6,10,12,14,14,14,14,14,14,14,14,14,14,14,14,14
col,col ,11,18,18-18,18,18,11,20,0,0,2,6,7,10,10,10,10,10,10,10,10,10,10,10,10,10
col,col ,12,18,18-18,18,18,12,20,0,0,0,6,6,7,7,7,7,7,7,7,7,7,7,7,7,7
col,col ,1,18,18-18,18,24,13,21,0,0,0,0,1,2,2,2,2,3,3,3,3,3,3,3,3,3
col,col ,2,18,18-18,18,24,14,20,0,0,0,1,2,4,4,4,4,4,4,4,4,4,4,4,4,4
col,col ,3,18,18-18,18,24,15,20,0,0,1,1,1,1,1,1,1,1,1,1,1,1,1,1,1,1
col,col ,4,18,18-18,18,24,16,20,0,0,2,4,8,9,9,9,9,9,9,9,9,9,9,9,9,9
col,col ,5,18,18-18,18,24,17,20,0,0,2,2,2,2,2,2,2,2,2,2,2,2,2,2,2,2
col,col ,6,18,18-18,18,24,18,20,0,0,3,3,4,4,4,4,4,4,4,4,4,4,4,4,4,4
col,col ,7,18,18-18,18,24,19,20,0,0,7,7,9,9,9,9,9,9,9,9,9,9,9,9,9,9
col,col ,8,18,18-18,18,24,20,20,0,0,5,6,7,7,8,8,8,8,8,8,8,8,8,8,8,8
col,col ,9,18,18-18,18,24,21,20,0,0,2,2,3,3,3,3,3,3,3,3,3,3,3,3,3,3
col,col ,10,18,18-18,18,24,22,20,0,0,2,7,7,7,7,8,9,10,10,10,10,10,10,10,10,10
col,col ,11,18,18-18,18,24,23,20,0,0,0,0,2,2,2,2,2,2,2,2,2,2,2,2,2,2
col,col ,12,18,18-18,18,24,24,20,0,0,0,0,1,1,2,2,2,2,2,2,2,2,2,2,2,2
ler,ler ,1,18,18-18,18,18,25,20,0,0,0,1,1,2,2,2,2,2,3,3,3,3,3,3,3,3
ler,ler ,2,18,18-18,18,18,26,20,0,0,0,0,1,3,3,3,3,3,3,3,3,3,3,3,3,3
ler,ler ,3,18,18-18,18,18,27,20,0,0,1,3,9,12,12,12,13,13,13,13,13,13,13,13,13,13
ler,ler ,4,18,18-18,18,18,28,20,0,0,0,0,3,3,4,4,4,4,4,4,4,4,4,4,4,4
ler,ler ,5,18,18-18,18,18,29,20,0,0,1,6,7,7,9,10,10,10,11,11,11,11,11,11,11,11
ler,ler ,6,18,18-18,18,18,30,20,0,0,1,2,4,4,6,6,7,7,7,7,7,7,7,7,7,7
ler,ler ,7,18,18-18,18,18,31,20,0,0,0,2,2,6,6,6,6,6,6,6,6,6,6,6,6,6
ler,ler ,8,18,18-18,18,18,32,20,0,0,0,1,1,1,2,2,2,2,2,2,2,2,2,2,2,2
ler,ler ,9,18,18-18,18,18,33,20,0,0,0,0,0,0,0,1,2,3,3,3,3,3,3,3,3,3
ler,ler ,10,18,18-18,18,18,34,20,0,0,0,1,6,7,8,8,8,8,8,8,8,8,8,8,8,8
ler,ler ,11,18,18-18,18,18,35,20,0,0,0,0,1,3,3,4,4,4,4,4,4,4,4,4,4,4
ler,ler ,12,18,18-18,18,18,36,20,0,0,0,0,0,0,0,0,0,0,0,0,0,0,0,0,0,0
ler,ler ,1,18,18-18,18,24,37,20,0,0,0,1,1,1,2,2,2,2,2,2,2,2,2,2,2,2
ler,ler ,2,18,18-18,18,24,38,20,0,0,0,0,0,1,1,1,2,2,2,2,2,2,2,2,2,2
ler,ler ,3,18,18-18,18,24,39,20,0,0,0,2,5,5,5,5,5,5,5,5,5,5,5,5,5,5
ler,ler ,4,18,18-18,18,24,40,20,0,0,1,1,1,2,2,2,2,2,2,2,2,2,2,2,2,2
ler,ler ,5,18,18-18,18,24,41,20,0,0,3,6,6,6,7,7,7,7,7,7,7,7,7,7,7,7
ler,ler ,6,18,18-18,18,24,42,20,0,0,0,0,0,1,1,2,2,2,2,2,2,2,2,2,2,2
ler,ler ,7,18,18-18,18,24,43,21,0,1,1,3,6,6,6,6,6,6,6,6,6,6,6,6,6,6
ler,ler ,8,18,18-18,18,24,44,20,0,0,0,0,0,0,0,0,0,0,0,0,0,0,0,0,0,0
ler,ler ,9,18,18-18,18,24,45,20,0,0,0,0,0,1,1,1,1,1,1,1,1,1,1,1,1,1
ler,ler ,10,18,18-18,18,24,46,20,0,0,0,0,0,1,1,1,1,1,1,1,1,1,1,1,1,1
ler,ler ,11,18,18-18,18,24,47,20,0,0,0,0,3,3,3,3,3,3,3,3,3,3,3,3,3,3
ler,ler ,12,18,18-18,18,24,48,20,0,0,0,0,0,0,0,0,0,0,0,0,0,0,0,0,0,0
col,rdr2,1,18,18-18,18,18,49,20,0,0,5,10,15,17,17,18,18,18,18,18,18,18,18,18,18,18
col,rdr2,2,18,18-18,18,18,50,20,0,0,0,3,7,7,7,7,7,7,7,7,7,7,7,7,7,7
col,rdr2,3,18,18-18,18,18,51,20,0,1,2,6,7,15,16,17,17,17,17,17,17,17,17,17,17,17
col,rdr2,4,18,18-18,18,18,52,20,0,0,5,6,12,14,14,14,14,14,14,14,14,14,14,14,14,14
col,rdr2,5,18,18-18,18,18,53,20,0,0,6,7,9,10,11,11,11,11,11,11,11,11,11,11,11,11
col,rdr2,6,18,18-18,18,18,54,20,0,0,0,0,3,6,8,8,8,8,8,8,8,8,8,8,8,8
col,rdr2,7,18,18-18,18,18,55,20,0,0,1,3,7,10,10,10,10,11,11,11,11,11,11,11,11,11
col,rdr2,8,18,18-18,18,18,56,20,0,0,2,7,10,11,11,11,11,11,11,11,11,11,11,11,11,11
col,rdr2,9,18,18-18,18,18,57,20,0,0,0,2,4,5,6,6,6,6,6,6,6,6,6,6,6,6
col,rdr2,1,18,18-18,18,24,58,20,0,0,1,2,4,4,4,5,6,7,8,9,10,12,15,15,15,15
col,rdr2,2,18,18-18,18,24,59,20,0,0,0,2,3,4,4,4,4,4,4,4,4,4,4,4,4,4
col,rdr2,3,18,18-18,18,24,60,20,0,0,0,0,0,0,0,0,0,0,0,0,0,0,0,0,0,0
col,rdr2,4,18,18-18,18,24,61,20,0,0,3,4,5,5,5,5,5,5,5,5,5,5,5,5,5,5
col,rdr2,5,18,18-18,18,24,62,20,0,0,1,1,1,1,1,1,1,1,1,1,1,1,1,1,1,1
col,rdr2,6,18,18-18,18,24,63,20,0,0,0,0,1,1,1,1,1,1,1,1,1,1,1,1,1,1
col,rdr2,7,18,18-18,18,24,64,20,0,0,2,4,5,5,5,5,6,6,6,6,6,6,6,6,6,6
col,rdr2,8,18,18-18,18,24,65,20,0,0,2,3,3,3,3,3,3,3,4,4,4,4,4,4,4,4
col,rdr2,9,18,18-18,18,24,66,20,0,0,0,0,0,0,0,0,0,0,0,0,0,0,0,0,0,0
col,rdr6,1,18,18-18,18,18,67,20,0,0,0,2,8,11,11,11,11,11,11,11,11,11,11,11,11,11
col,rdr6,2,18,18-18,18,18,68,20,0,0,1,2,4,6,7,7,7,7,7,7,7,7,7,7,7,7
col,rdr6,3,18,18-18,18,18,69,20,0,0,0,2,9,19,19,19,19,19,19,19,19,19,19,19,19,19
col,rdr6,4,18,18-18,18,18,70,20,0,0,2,7,10,12,12,12,12,12,12,12,12,12,12,12,12,12
col,rdr6,5,18,18-18,18,18,71,20,0,0,0,1,11,13,13,14,14,14,14,14,14,14,14,14,14,14
col,rdr6,6,18,18-18,18,18,72,20,0,0,1,4,11,11,12,12,12,12,13,13,13,13,13,13,13,13
col,rdr6,7,18,18-18,18,18,73,20,0,1,7,15,18,19,19,20,20,20,20,20,20,20,20,20,20,20
col,rdr6,8,18,18-18,18,18,74,20,0,1,4,10,15,18,18,18,18,18,18,18,18,18,18,18,18,18
col,rdr6,9,18,18-18,18,18,75,20,0,0,0,0,6,8,10,10,10,10,10,10,10,10,10,10,10,10
col,rdr6,1,18,18-18,18,24,76,20,0,0,0,0,0,0,0,1,1,1,1,1,1,1,1,1,1,1
col,rdr6,2,18,18-18,18,24,77,20,0,0,0,0,0,0,0,0,0,0,0,0,0,0,0,0,0,0
col,rdr6,3,18,18-18,18,24,78,20,0,0,0,2,3,3,3,3,3,3,3,3,3,3,3,3,3,3
col,rdr6,4,18,18-18,18,24,79,20,0,0,0,2,2,2,2,2,2,2,2,2,2,2,2,2,2,2
col,rdr6,5,18,18-18,18,24,80,20,0,0,0,0,0,0,0,0,0,0,0,0,0,0,0,0,0,0
col,rdr6,6,18,18-18,18,24,81,20,0,0,0,1,3,3,3,3,3,3,3,3,3,3,3,3,3,3
col,rdr6,7,18,18-18,18,24,82,20,0,0,0,2,2,2,2,2,2,2,2,2,2,2,2,2,2,2
col,rdr6,8,18,18-18,18,24,83,20,0,0,0,0,0,0,0,0,0,0,0,0,0,0,0,0,0,0
col,rdr6,9,18,18-18,18,24,84,20,0,0,1,1,1,2,2,2,2,2,2,2,2,2,2,2,2,2
col,dcl234,1,18,18-18,18,18,85,20,0,0,0,1,1,1,1,1,1,1,1,1,1,1,1,1,1,1
col,dcl234,2,18,18-18,18,18,86,20,0,0,1,1,1,1,1,1,1,1,1,1,1,1,1,1,1,1
col,dcl234,3,18,18-18,18,18,87,20,0,0,0,9,0.9,9,9,9,9,9,9,9,9,9,9,9,9,9
col,dcl234,4,18,18-18,18,18,88,20,0,0,0,1,2,2,2,2,2,2,2,2,2,2,2,2,2,2
col,dcl234,5,18,18-18,18,18,89,20,0,0,1,1,1,2,2,2,3,3,3,3,3,3,3,3,3,3
col,dcl234,6,18,18-18,18,18,90,20,0,0,0,2,3,3,3,3,3,3,3,3,3,3,3,3,3,3
col,dcl234,7,18,18-18,18,18,91,21,0,0,0,0,0,2,2,2,2,2,2,2,2,2,2,2,2,2
col,dcl234,8,18,18-18,18,18,92,20,0,0,0,0,2,2,2,2,2,2,2,2,2,2,2,2,2,2
col,dcl234,9,18,18-18,18,18,93,21,0,0,0,5,9,9,9,9,9,9,9,9,9,9,9,9,9,9
col,dcl234,1,18,18-18,18,24,94,20,0,0,0,0,0,0,0,0,0,0,0,0,0,0,0,0,0,0
col,dcl234,2,18,18-18,18,24,95,19,0,0,0,0,0,0,0,0,0,0,0,0,0,0,0,0,0,0
col,dcl234,3,18,18-18,18,24,96,20,0,0,0,0,1,1,1,1,1,1,1,1,1,1,1,1,1,1
col,dcl234,4,18,18-18,18,24,97,20,0,0,0,0,0,0,0,0,0,0,0,0,0,0,0,0,0,0
col,dcl234,5,18,18-18,18,24,98,20,0,0,0,0,0,0,0,0,0,0,0,0,0,0,0,0,0,0
col,dcl234,6,18,18-18,18,24,99,20,0,0,0,0,0,0,0,0,0,0,0,0,0,0,0,0,0,0
col,dcl234,7,18,18-18,18,24,100,20,0,0,0,0,0,0,0,0,0,0,0,0,0,0,0,0,0,0
col,dcl234,8,18,18-18,18,24,101,20,0,0,0,0,0,0,0,0,0,0,0,0,0,0,0,0,0,0
col,dcl234,9,18,18-18,18,24,102,20,0,0,1,2,2,2,2,2,2,2,2,2,2,2,2,2,2,2
col,rdd,1,18,18-18,18,18,103,20,0,0,3,4,5,5,5,5,5,5,5,5,5,5,5,5,5,5
col,rdd,2,18,18-18,18,18,104,20,0,0,2,6,7,10,10,10,10,10,10,10,10,10,10,10,10,10
col,rdd,3,18,18-18,18,18,105,20,0,0,3,5,6,6,6,6,6,6,6,6,6,6,6,6,6,6
col,rdd,4,18,18-18,18,18,106,20,0,0,0,1,1,1,1,1,1,1,1,1,1,1,1,1,1,1
col,rdd,5,18,18-18,18,18,107,20,0,0,6,9,10,11,12,12,12,12,12,12,12,12,12,12,12,12
col,rdd,6,18,18-18,18,18,108,20,0,0,0,0,0,2,2,2,3,3,3,3,3,3,3,3,3,3
col,rdd,7,18,18-18,18,18,109,20,0,0,1,6,7,7,7,7,7,7,7,7,7,7,7,7,7,7
col,rdd,8,18,18-18,18,18,110,20,0,0,2,3,5,5,5,6,6,6,6,6,6,6,6,6,6,6
col,rdd,9,18,18-18,18,18,111,20,0,0,3,6,6,8,8,8,9,9,9,9,9,9,9,9,9,9
col,rdd,1,18,18-18,18,24,112,20,0,0,2,2,2,2,2,2,2,2,2,2,2,2,2,2,2,2
col,rdd,2,18,18-18,18,24,113,20,0,1,1,3,4,4,4,4,4,4,4,4,4,4,4,4,4,4
col,rdd,3,18,18-18,18,24,114,20,0,0,4,5,5,5,5,5,5,5,5,5,5,5,5,5,5,5
col,rdd,4,18,18-18,18,24,115,20,0,0,2,2,2,2,2,2,2,2,2,2,2,2,2,2,2,2
col,rdd,5,18,18-18,18,24,116,20,0,0,7,7,8,8,8,8,8,8,8,8,8,8,8,8,8,8
col,rdd,6,18,18-18,18,24,117,20,0,0,1,1,1,2,2,2,2,2,2,2,2,2,2,2,2,2
col,rdd,7,18,18-18,18,24,118,20,0,0,0,3,3,3,3,3,3,3,3,3,3,3,3,3,3,3
col,rdd,8,18,18-18,18,24,119,20,0,0,0,0,0,0,0,0,0,0,0,0,0,0,0,0,0,0
col,rdd,9,18,18-18,18,24,120,20,0,0,1,2,3,3,3,3,3,3,3,3,3,3,3,3,3,3
col,nrpd2a,1,18,18-18,18,18,121,20,0,0,5,6,8,8,8,8,8,8,8,8,8,8,8,8,8,8
col,nrpd2a,2,18,18-18,18,18,122,20,0,5,13,15,15,15,15,15,15,15,15,15,15,15,15,15,15,15
col,nrpd2a,3,18,18-18,18,18,123,20,0,1,4,10,11,12,12,12,12,12,12,12,12,12,12,12,12,12
col,nrpd2a,4,18,18-18,18,18,124,20,0,0,6,8,9,9,9,9,9,9,9,9,9,9,9,9,9,9
col,nrpd2a,5,18,18-18,18,18,125,20,0,2,5,12,15,15,15,15,15,15,15,15,15,15,15,15,15,15
col,nrpd2a,6,18,18-18,18,18,126,20,0,2,8,14,17,17,17,17,17,17,17,17,17,17,17,17,17,17
col,nrpd2a,7,18,18-18,18,18,127,20,0,0,8,11,12,13,13,13,13,13,13,13,13,13,13,13,13,13
col,nrpd2a,8,18,18-18,18,18,128,20,0,0,3,7,7,7,7,7,7,7,7,7,7,7,7,7,7,7
col,nrpd2a,9,18,18-18,18,18,129,20,0,0,3,8,10,11,11,11,11,11,11,11,11,11,11,11,11,11
col,nrpd2a,1,18,18-18,18,24,130,20,0,0,2,4,4,6,6,6,6,6,6,6,6,6,6,6,6,6
col,nrpd2a,2,18,18-18,18,24,131,20,0,0,11,14,14,14,14,14,14,14,14,14,14,14,14,14,14,14
col,nrpd2a,3,18,18-18,18,24,132,20,0,5,13,16,16,16,16,16,16,16,16,16,16,16,16,16,16,16
col,nrpd2a,4,18,18-18,18,24,133,17,0,0,3,8,8,8,8,8,8,8,8,8,8,8,8,8,8,8
col,nrpd2a,5,18,18-18,18,24,134,20,0,1,3,5,5,5,5,5,5,5,5,5,5,5,5,5,5,5
col,nrpd2a,6,18,18-18,18,24,135,20,0,0,3,9,11,11,11,11,11,11,11,11,11,11,11,11,11,11
col,nrpd2a,7,18,18-18,18,24,136,20,0,2,6,10,11,11,11,11,11,11,11,11,11,11,11,11,11,11
col,nrpd2a,8,18,18-18,18,24,137,20,0,0,4,6,6,6,6,6,6,6,6,6,6,6,6,6,6,6
col,nrpd2a,9,18,18-18,18,24,138,20,0,1,3,3,8,9,9,9,9,9,9,9,9,9,9,9,9,9
col,ago4,1,18,18-18,18,18,139,20,0,0,3,5,5,5,5,5,5,5,5,5,5,5,5,5,5,5
col,ago4,2,18,18-18,18,18,140,20,0,0,0,1,3,3,3,3,3,3,3,3,3,3,3,3,3,3
col,ago4,3,18,18-18,18,18,141,20,0,1,4,6,7,7,7,7,7,7,7,7,7,7,7,7,7,7
col,ago4,4,18,18-18,18,18,142,20,0,0,4,12,12,13,14,14,14,14,14,14,14,14,14,14,14,14
col,ago4,5,18,18-18,18,18,143,20,0,0,2,8,9,9,9,9,9,9,9,9,9,9,9,9,9,9
col,ago4,6,18,18-18,18,18,144,20,0,0,9,9,16,18,18,18,18,18,18,18,18,18,18,18,18,18
col,ago4,7,18,18-18,18,18,145,20,0,0,4,8,9,10,11,11,11,11,11,11,11,11,11,11,11,11
col,ago4,8,18,18-18,18,18,146,20,0,0,5,10,11,12,14,14,14,14,14,14,14,14,14,14,14,14
col,ago4,9,18,18-18,18,18,147,20,0,0,4,10,13,14,14,14,14,14,14,14,14,14,14,14,14,14
col,ago4,1,18,18-18,18,24,148,20,0,0,2,2,2,2,2,2,2,2,2,2,2,2,2,2,2,2
col,ago4,2,18,18-18,18,24,149,20,0,0,1,8,12,12,12,12,12,12,12,12,12,12,12,12,12,12
col,ago4,3,18,18-18,18,24,150,20,0,0,1,1,1,1,1,1,1,1,1,1,1,1,1,1,1,1
col,ago4,4,18,18-18,18,24,151,20,0,0,0,1,2,2,2,2,2,2,2,2,2,2,2,2,2,2
col,ago4,5,18,18-18,18,24,152,20,0,0,0,2,2,2,2,2,2,2,2,2,2,2,2,2,2,2
col,ago4,6,18,18-18,18,24,153,21,0,0,1,3,11,12,12,12,12,12,12,12,12,12,12,12,12,12
col,ago4,7,18,18-18,18,24,154,20,0,0,2,5,6,6,7,7,7,7,7,7,7,7,7,7,7,7
col,ago4,8,18,18-18,18,24,155,20,0,0,3,4,7,8,8,8,8,8,8,8,8,8,8,8,8,8
col,ago4,9,18,18-18,18,24,156,20,0,0,7,9,9,10,10,10,10,10,10,10,10,10,10,10,10,10
col,col ,1,18,18-24,24,18,157,20,0,4,18,19,19,19,19,19,19,19,19,19,19,19,19,19,19,19
col,col ,2,18,18-24,24,18,158,20,0,0,20,20,20,20,20,20,20,20,20,20,20,20,20,20,20,20
col,col ,3,18,18-24,24,18,159,20,0,0,20,20,20,20,20,20,20,20,20,20,20,20,20,20,20,20
col,col ,4,18,18-24,24,18,160,20,0,2,19,20,20,20,20,20,20,20,20,20,20,20,20,20,20,20
col,col ,5,18,18-24,24,18,161,20,0,0,19,19,19,19,19,19,19,19,19,19,19,19,19,19,19,19
col,col ,6,18,18-24,24,18,162,20,0,0,16,20,20,20,20,20,20,20,20,20,20,20,20,20,20,20
col,col ,7,18,18-24,24,18,163,20,0,1,20,20,20,20,20,20,20,20,20,20,20,20,20,20,20,20
col,col ,8,18,18-24,24,18,164,20,0,0,19,19,19,19,19,19,19,19,19,19,19,19,19,19,19,19
col,col ,9,18,18-24,24,18,165,20,0,0,20,20,20,20,20,20,20,20,20,20,20,20,20,20,20,20
col,col ,10,18,18-24,24,18,166,20,0,1,19,20,20,20,20,20,20,20,20,20,20,20,20,20,20,20
col,col ,11,18,18-24,24,18,167,20,0,0,18,20,20,20,20,20,20,20,20,20,20,20,20,20,20,20
col,col ,12,18,18-24,24,18,168,20,0,0,11,17,18,18,18,18,18,18,18,18,18,18,18,18,18,18
col,col ,1,18,18-24,24,24,169,21,0,2,15,17,17,18,18,18,18,18,18,18,18,18,18,18,18,18
col,col ,2,18,18-24,24,24,170,20,0,2,15,20,20,20,20,20,20,20,20,20,20,20,20,20,20,20
col,col ,3,18,18-24,24,24,171,21,0,0,15,20,20,20,20,20,20,20,20,20,20,20,20,20,20,20
col,col ,4,18,18-24,24,24,172,20,0,0,15,18,19,20,20,20,20,20,20,20,20,20,20,20,20,20
col,col ,5,18,18-24,24,24,173,20,0,0,5,14,16,16,16,16,16,16,16,16,16,16,16,16,16,16
col,col ,6,18,18-24,24,24,174,18,0,0,8,13,15,17,17,17,17,17,17,17,17,17,17,17,17,17
col,col ,7,18,18-24,24,24,175,20,0,0,17,19,19,19,19,19,19,19,19,19,19,19,19,19,19,19
col,col ,8,18,18-24,24,24,176,20,0,1,12,13,15,15,15,15,15,15,15,15,15,15,15,15,15,15
col,col ,9,18,18-24,24,24,177,20,0,0,15,18,19,19,19,19,19,19,19,19,19,19,19,19,19,19
col,col ,10,18,18-24,24,24,178,20,0,2,16,17,19,19,19,19,19,19,19,19,19,19,19,19,19,19
col,col ,11,18,18-24,24,24,179,20,0,0,10,18,18,18,18,18,18,18,18,18,18,18,18,18,18,18
col,col ,12,18,18-24,24,24,180,20,0,0,6,10,12,12,12,12,12,12,12,12,12,12,12,12,12,12
ler,ler ,1,18,18-24,24,18,181,20,0,0,17,18,19,19,19,19,19,19,19,19,19,19,19,19,19,19
ler,ler ,2,18,18-24,24,18,182,20,0,0,16,18,20,20,20,20,20,20,20,20,20,20,20,20,20,20
ler,ler ,3,18,18-24,24,18,183,20,0,1,15,19,19,19,19,19,19,19,19,19,19,19,19,19,19,19
ler,ler ,4,18,18-24,24,18,184,20,0,0,0,6,18,20,20,20,20,20,20,20,20,20,20,20,20,20
ler,ler ,5,18,18-24,24,18,185,20,0,0,15,15,15,16,16,16,16,16,16,16,16,16,16,16,16,16
ler,ler ,6,18,18-24,24,18,186,21,0,0,9,15,19,21,21,21,21,21,21,21,21,21,21,21,21,21
ler,ler ,7,18,18-24,24,18,187,20,0,0,8,13,19,19,19,19,19,19,19,19,19,19,19,19,19,19
ler,ler ,8,18,18-24,24,18,188,21,0,0,12,19,20,20,20,20,20,20,20,20,20,20,20,20,20,20
ler,ler ,9,18,18-24,24,18,189,20,0,0,8,16,19,20,20,20,20,20,20,20,20,20,20,20,20,20
ler,ler ,10,18,18-24,24,18,190,20,0,0,5,17,20,20,20,20,20,20,20,20,20,20,20,20,20,20
ler,ler ,11,18,18-24,24,18,191,20,0,0,18,19,19,19,19,19,19,19,19,19,19,19,19,19,19,19
ler,ler ,12,18,18-24,24,18,192,20,0,0,8,16,17,20,20,20,20,20,20,20,20,20,20,20,20,20
ler,ler ,1,18,18-24,24,24,193,20,0,1,12,18,20,20,20,20,20,20,20,20,20,20,20,20,20,20
ler,ler ,2,18,18-24,24,24,194,20,0,1,9,12,15,16,16,17,17,17,17,17,17,17,17,17,17,17
ler,ler ,3,18,18-24,24,24,195,20,0,0,11,16,17,17,17,17,17,17,17,17,17,17,17,17,17,17
ler,ler ,4,18,18-24,24,24,196,20,0,0,0,1,6,11,14,14,15,15,15,15,15,15,15,15,15,15
ler,ler ,5,18,18-24,24,24,197,20,0,0,15,17,18,18,18,18,18,18,18,18,18,18,18,18,18,18
ler,ler ,6,18,18-24,24,24,198,20,0,0,8,15,17,17,17,17,17,17,17,17,17,17,17,17,17,17
ler,ler ,7,18,18-24,24,24,199,20,0,0,6,10,16,19,19,19,19,19,19,19,19,19,19,19,19,19
ler,ler ,8,18,18-24,24,24,200,20,0,0,11,18,20,20,20,20,20,20,20,20,20,20,20,20,20,20
ler,ler ,9,18,18-24,24,24,201,21,0,0,4,12,12,15,16,18,19,19,19,19,19,19,19,19,19,19
ler,ler ,10,18,18-24,24,24,202,20,0,0,3,10,18,19,19,19,19,19,19,19,19,19,19,19,19,19
ler,ler ,11,18,18-24,24,24,203,20,0,0,17,19,19,19,19,19,19,19,19,19,19,19,19,19,19,19
ler,ler ,12,18,18-24,24,24,204,20,0,0,9,13,14,15,15,15,15,15,15,15,15,15,15,15,15,15
col,rdr2,1,18,18-24,24,18,205,20,0,0,18,19,19,20,20,20,20,20,20,20,20,20,20,20,20,20
col,rdr2,2,18,18-24,24,18,206,20,0,0,20,20,20,20,20,20,20,20,20,20,20,20,20,20,20,20
col,rdr2,3,18,18-24,24,18,207,20,0,0,19,20,20,20,20,20,20,20,20,20,20,20,20,20,20,20
col,rdr2,4,18,18-24,24,18,208,20,0,5,20,20,20,20,20,20,20,20,20,20,20,20,20,20,20,20
col,rdr2,5,18,18-24,24,18,209,12,0,0,10,12,12,12,12,12,12,12,12,12,12,12,12,12,12,12
col,rdr2,6,18,18-24,24,18,210,20,0,0,20,20,20,20,20,20,20,20,20,20,20,20,20,20,20,20
col,rdr2,7,18,18-24,24,18,211,20,0,0,20,20,20,20,20,20,20,20,20,20,20,20,20,20,20,20
col,rdr2,8,18,18-24,24,18,212,20,0,0,20,20,20,20,20,20,20,20,20,20,20,20,20,20,20,20
col,rdr2,9,18,18-24,24,18,213,22,0,0,20,21,22,22,22,22,22,22,22,22,22,22,22,22,22,22
col,rdr2,1,18,18-24,24,24,214,20,0,0,10,17,19,19,19,19,19,19,19,19,19,19,19,19,19,19
col,rdr2,2,18,18-24,24,24,215,20,0,0,12,13,14,14,14,14,14,14,14,14,14,14,14,14,14,14
col,rdr2,3,18,18-24,24,24,216,17,0,0,10,13,13,13,13,13,13,13,13,13,13,13,13,13,13,13
col,rdr2,4,18,18-24,24,24,217,20,0,0,12,14,16,16,16,16,16,16,16,16,16,16,16,16,16,16
col,rdr2,5,18,18-24,24,24,218,20,0,0,10,14,17,17,17,17,17,17,17,17,17,17,17,17,17,17
col,rdr2,6,18,18-24,24,24,219,20,0,0,7,13,14,14,14,14,14,14,14,14,14,14,14,14,14,14
col,rdr2,7,18,18-24,24,24,220,20,0,0,7,15,18,18,18,18,18,18,18,18,18,18,18,18,18,18
col,rdr2,8,18,18-24,24,24,221,25,0,0,9,25,25,25,25,25,25,25,25,25,25,25,25,25,25,25
col,rdr2,9,18,18-24,24,24,222,20,0,0,9,16,17,17,17,17,17,17,17,17,17,17,17,17,17,17
col,rdr6,1,18,18-24,24,18,223,20,0,0,11,17,19,20,20,20,20,20,20,20,20,20,20,20,20,20
col,rdr6,2,18,18-24,24,18,224,20,0,0,12,19,19,19,19,19,19,19,19,19,19,19,19,19,19,19
col,rdr6,3,18,18-24,24,18,225,20,0,0,16,20,20,20,20,20,20,20,20,20,20,20,20,20,20,20
col,rdr6,4,18,18-24,24,18,226,20,0,0,18,19,20,20,20,20,20,20,20,20,20,20,20,20,20,20
col,rdr6,5,18,18-24,24,18,227,20,0,0,19,19,20,20,20,20,20,20,20,20,20,20,20,20,20,20
col,rdr6,6,18,18-24,24,18,228,20,0,0,10,18,20,20,20,20,20,20,20,20,20,20,20,20,20,20
col,rdr6,7,18,18-24,24,18,229,20,0,0,13,19,20,20,20,20,20,20,20,20,20,20,20,20,20,20
col,rdr6,8,18,18-24,24,18,230,20,0,0,5,19,19,20,20,20,20,20,20,20,20,20,20,20,20,20
col,rdr6,9,18,18-24,24,18,231,20,0,0,17,19,20,20,20,20,20,20,20,20,20,20,20,20,20,20
col,rdr6,1,18,18-24,24,24,232,20,0,0,0,6,7,7,7,7,7,7,7,7,7,7,7,7,7,7
col,rdr6,2,18,18-24,24,24,233,20,0,0,0,15,16,17,18,18,18,18,18,18,18,18,18,18,18,18
col,rdr6,3,18,18-24,24,24,234,20,0,0,0,1,2,4,5,5,5,5,5,5,5,5,5,5,5,5
col,rdr6,4,18,18-24,24,24,235,19,0,0,4,10,13,13,13,13,13,13,13,13,13,13,13,13,13,13
col,rdr6,5,18,18-24,24,24,236,20,0,1,4,16,16,19,19,19,19,19,19,19,19,19,19,19,19,19
col,rdr6,6,18,18-24,24,24,237,20,0,0,0,1,1,1,1,1,1,1,1,1,1,1,1,1,1,1
col,rdr6,7,18,18-24,24,24,238,20,0,0,4,8,8,8,8,8,8,8,8,8,8,8,8,8,8,8
col,rdr6,8,18,18-24,24,24,239,20,0,0,0,3,8,10,11,11,11,11,11,11,11,11,11,11,11,11
col,rdr6,9,18,18-24,24,24,240,21,0,0,2,9,9,10,11,11,11,11,11,11,11,11,11,11,11,11
col,dcl234,1,18,18-24,24,18,241,20,0,1,14,19,19,20,20,20,20,20,20,20,20,20,20,20,20,20
col,dcl234,2,18,18-24,24,18,242,20,0,0,19,19,19,19,19,19,19,19,19,19,19,19,19,19,19,19
col,dcl234,3,18,18-24,24,18,243,20,0,2,18,19,19,19,19,19,19,19,19,19,19,19,19,19,19,19
col,dcl234,4,18,18-24,24,18,244,20,0,0,17,20,20,20,20,20,20,20,20,20,20,20,20,20,20,20
col,dcl234,5,18,18-24,24,18,245,20,0,0,18,19,19,19,19,19,19,19,19,19,19,19,19,19,19,19
col,dcl234,6,18,18-24,24,18,246,20,0,2,18,20,20,20,20,20,20,20,20,20,20,20,20,20,20,20
col,dcl234,7,18,18-24,24,18,247,20,0,0,13,19,19,20,20,20,20,20,20,20,20,20,20,20,20,20
col,dcl234,8,18,18-24,24,18,248,20,0,0,19,20,20,20,20,20,20,20,20,20,20,20,20,20,20,20
col,dcl234,9,18,18-24,24,18,249,20,0,0,11,17,18,18,18,18,18,18,18,18,18,18,18,18,18,18
col,dcl234,1,18,18-24,24,24,250,20,0,0,3,5,6,6,6,6,6,6,6,6,6,6,6,6,6,6
col,dcl234,2,18,18-24,24,24,251,20,0,0,2,8,9,9,9,9,9,9,9,9,9,9,9,9,9,9
col,dcl234,3,18,18-24,24,24,252,20,0,0,10,11,11,11,11,11,11,11,11,11,11,11,11,11,11,11
col,dcl234,4,18,18-24,24,24,253,20,0,0,4,6,7,8,8,8,8,8,8,8,8,8,8,8,8,8
col,dcl234,5,18,18-24,24,24,254,20,0,0,6,15,17,17,17,17,17,17,17,17,17,17,17,17,17,17
col,dcl234,6,18,18-24,24,24,255,21,0,1,13,16,16,16,16,16,16,16,16,16,16,16,16,16,16,16
col,dcl234,7,18,18-24,24,24,256,20,0,1,9,13,15,15,15,15,15,15,15,15,15,15,15,15,15,15
col,dcl234,8,18,18-24,24,24,257,20,0,0,8,17,18,18,18,18,18,18,18,18,18,18,18,18,18,18
col,dcl234,9,18,18-24,24,24,258,20,0,0,0,5,10,10,10,10,10,10,10,10,10,10,10,10,10,10
col,rdd,1,18,18-24,24,18,259,20,0,1,16,18,19,19,19,19,19,19,19,19,19,19,19,19,19,19
col,rdd,2,18,18-24,24,18,260,20,0,6,13,16,18,18,18,18,18,18,18,18,18,18,18,18,18,18
col,rdd,3,18,18-24,24,18,261,20,0,0,7,14,16,17,17,17,17,17,17,17,17,17,17,17,17,17
col,rdd,4,18,18-24,24,18,262,20,0,0,11,15,17,18,18,18,18,18,18,18,18,18,18,18,18,18
col,rdd,5,18,18-24,24,18,263,20,0,1,16,16,17,17,17,17,17,17,17,17,17,17,17,17,17,17
col,rdd,6,18,18-24,24,18,264,20,0,0,6,11,14,14,16,16,16,16,16,16,16,16,16,16,16,16
col,rdd,7,18,18-24,24,18,265,20,0,2,11,11,14,17,15,16,16,16,16,16,16,16,16,16,16,16
col,rdd,8,18,18-24,24,18,266,20,0,7,15,17,19,19,19,19,19,19,19,19,19,19,19,19,19,19
col,rdd,9,18,18-24,24,18,267,20,0,1,6,6,8,9,9,9,9,9,9,9,9,9,9,9,9,9
col,rdd,1,18,18-24,24,24,268,20,0,0,8,9,9,9,9,9,9,9,9,9,9,9,9,9,9,9
col,rdd,2,18,18-24,24,24,269,20,0,3,7,7,7,7,7,7,7,7,7,7,7,7,7,7,7,7
col,rdd,3,18,18-24,24,24,270,20,0,0,6,9,11,11,11,11,11,11,11,11,11,11,11,11,11,11
col,rdd,4,18,18-24,24,24,271,20,0,0,4,5,5,5,5,5,5,5,5,5,5,5,5,5,5,5
col,rdd,5,18,18-24,24,24,272,20,0,3,8,11,12,12,12,12,12,12,12,12,12,12,12,12,12,12
col,rdd,6,18,18-24,24,24,273,21,0,1,10,12,12,12,12,12,12,12,12,12,12,12,12,12,12,12
col,rdd,7,18,18-24,24,24,274,20,0,4,11,11,11,11,11,11,11,11,11,11,11,11,11,11,11,11
col,rdd,8,18,18-24,24,24,275,20,0,6,12,15,15,15,15,15,15,15,15,15,15,15,15,15,15,15
col,rdd,9,18,18-24,24,24,276,20,0,0,3,4,4,4,4,4,4,4,4,4,4,4,4,4,4,4
col,nrpd2a,1,18,18-24,24,18,277,20,0,4,19,19,19,19,19,19,19,19,19,19,19,19,19,19,19,19
col,nrpd2a,2,18,18-24,24,18,278,20,0,8,19,19,20,20,20,20,20,20,20,20,20,20,20,20,20,20
col,nrpd2a,3,18,18-24,24,18,279,20,0,5,16,18,19,19,19,19,19,19,19,19,19,19,19,19,19,19
col,nrpd2a,4,18,18-24,24,18,280,20,0,4,15,17,19,19,19,19,19,19,19,19,19,19,19,19,19,19
col,nrpd2a,5,18,18-24,24,18,281,20,0,3,20,20,20,20,20,20,20,20,20,20,20,20,20,20,20,20
col,nrpd2a,6,18,18-24,24,18,282,20,0,1,17,17,18,18,18,18,18,18,18,18,18,18,18,18,18,18
col,nrpd2a,7,18,18-24,24,18,283,20,0,5,18,20,20,20,20,20,20,20,20,20,20,20,20,20,20,20
col,nrpd2a,8,18,18-24,24,18,284,20,0,7,19,19,19,19,19,19,19,19,19,19,19,19,19,19,19,19
col,nrpd2a,9,18,18-24,24,18,285,20,0,3,18,19,19,19,19,19,19,19,19,19,19,19,19,19,19,19
col,nrpd2a,1,18,18-24,24,24,286,20,0,6,13,13,13,13,13,13,13,13,13,13,13,13,13,13,13,13
col,nrpd2a,2,18,18-24,24,24,287,20,0,8,15,18,18,18,18,18,18,18,18,18,18,18,18,18,18,18
col,nrpd2a,3,18,18-24,24,24,288,20,0,5,8,12,12,13,13,13,13,13,13,13,13,13,13,13,13,13
col,nrpd2a,4,18,18-24,24,24,289,20,0,4,11,14,16,16,17,17,17,17,17,17,17,17,17,17,17,17
col,nrpd2a,5,18,18-24,24,24,290,20,0,7,16,18,18,19,19,19,19,19,19,19,19,19,19,19,19,19
col,nrpd2a,6,18,18-24,24,24,291,20,0,8,14,16,16,17,17,17,17,17,17,17,17,17,17,17,17,17
col,nrpd2a,7,18,18-24,24,24,292,20,0,11,17,19,19,19,19,19,19,19,19,19,19,19,19,19,19,19
col,nrpd2a,8,18,18-24,24,24,293,20,0,5,16,18,18,18,18,18,18,18,18,18,18,18,18,18,18,18
col,nrpd2a,9,18,18-24,24,24,294,20,0,7,13,14,15,15,15,15,15,15,15,15,15,15,15,15,15,15
col,ago4,1,18,18-24,24,18,295,20,0,0,19,19,20,20,20,20,20,20,20,20,20,20,20,20,20,20
col,ago4,2,18,18-24,24,18,296,20,0,0,20,20,20,20,20,20,20,20,20,20,20,20,20,20,20,20
col,ago4,3,18,18-24,24,18,297,20,0,3,20,20,20,20,20,20,20,20,20,20,20,20,20,20,20,20
col,ago4,4,18,18-24,24,18,298,20,0,2,19,20,20,20,20,20,20,20,20,20,20,20,20,20,20,20
col,ago4,5,18,18-24,24,18,299,20,0,0,20,20,20,20,20,20,20,20,20,20,20,20,20,20,20,20
col,ago4,6,18,18-24,24,18,300,20,0,1,19,20,20,20,20,20,20,20,20,20,20,20,20,20,20,20
col,ago4,7,18,18-24,24,18,301,20,0,1,20,20,20,20,20,20,20,20,20,20,20,20,20,20,20,20
col,ago4,8,18,18-24,24,18,302,25,0,1,25,25,25,25,25,25,25,25,25,25,25,25,25,25,25,25
col,ago4,9,18,18-24,24,18,303,20,0,0,12,15,16,16,16,16,16,16,16,16,16,16,16,16,16,16
col,ago4,1,18,18-24,24,24,304,20,0,0,14,19,20,20,20,20,20,20,20,20,20,20,20,20,20,20
col,ago4,2,18,18-24,24,24,305,20,0,0,15,17,17,17,17,17,17,17,17,17,17,17,17,17,17,17
col,ago4,3,18,18-24,24,24,306,20,0,6,16,17,18,18,18,18,18,18,18,18,18,18,18,18,18,18
col,ago4,4,18,18-24,24,24,307,20,0,6,17,18,18,18,18,18,18,18,18,18,18,18,18,18,18,18
col,ago4,5,18,18-24,24,24,308,20,0,0,14,19,19,19,19,19,19,19,19,19,19,19,19,19,19,19
col,ago4,6,18,18-24,24,24,309,20,0,2,12,17,18,18,18,18,18,18,18,18,18,18,18,18,18,18
col,ago4,7,18,18-24,24,24,310,20,0,1,17,20,20,20,20,20,20,20,20,20,20,20,20,20,20,20
col,ago4,8,18,18-24,24,24,311,25,0,0,15,22,24,24,24,24,24,24,24,24,24,24,24,24,24,24
col,ago4,9,18,18-24,24,24,312,20,0,0,13,18,18,18,18,18,18,18,18,18,18,18,18,18,18,18
col,col ,1,24,24-24,24,18,313,20,0,0,9,16,19,20,20,20,20,20,20,20,20,20,20,20,20,20
col,col ,2,24,24-24,24,18,314,20,0,0,8,17,19,19,19,19,19,19,19,19,19,19,19,19,19,19
col,col ,3,24,24-24,24,18,315,20,0,9,20,20,20,20,20,20,20,20,20,20,20,20,20,20,20,20
col,col ,4,24,24-24,24,18,316,20,0,3,20,20,20,20,20,20,20,20,20,20,20,20,20,20,20,20
col,col ,5,24,24-24,24,18,317,20,0,0,20,20,20,20,20,20,20,20,20,20,20,20,20,20,20,20
col,col ,6,24,24-24,24,18,318,20,0,6,20,20,20,20,20,20,20,20,20,20,20,20,20,20,20,20
col,col ,7,24,24-24,24,18,319,20,0,4,20,20,20,20,20,20,20,20,20,20,20,20,20,20,20,20
col,col ,8,24,24-24,24,18,320,20,0,1,20,20,20,20,20,20,20,20,20,20,20,20,20,20,20,20
col,col ,9,24,24-24,24,18,321,20,0,9,20,20,20,20,20,20,20,20,20,20,20,20,20,20,20,20
col,col ,10,24,24-24,24,18,322,20,0,3,20,20,20,20,20,20,20,20,20,20,20,20,20,20,20,20
col,col ,11,24,24-24,24,18,323,22,0,0,17,20,20,20,20,20,20,20,20,20,20,20,20,20,20,20
col,col ,12,24,24-24,24,18,324,20,0,8,20,20,20,20,20,20,20,20,20,20,20,20,20,20,20,20
col,col ,1,24,24-24,24,24,325,20,0,0,4,12,15,18,18,19,19,19,19,19,19,19,19,19,19,19
col,col ,2,24,24-24,24,24,326,20,0,0,7,16,18,18,18,18,18,18,18,18,18,18,18,18,18,18
col,col ,3,24,24-24,24,24,327,20,0,7,14,18,18,19,19,19,19,19,19,19,19,19,19,19,19,19
col,col ,4,24,24-24,24,24,328,20,0,0,9,16,18,18,18,18,18,18,18,18,18,18,18,18,18,18
col,col ,5,24,24-24,24,24,329,20,0,1,8,16,16,16,16,16,16,16,16,16,16,16,16,16,16,16
col,col ,6,24,24-24,24,24,330,25,0,0,17,22,22,22,22,22,22,22,22,22,22,22,22,22,22,22
col,col ,7,24,24-24,24,24,331,20,0,2,13,15,16,16,16,16,16,16,16,16,16,16,16,16,16,16
col,col ,8,24,24-24,24,24,332,20,0,1,11,19,19,19,19,19,19,19,19,19,19,19,19,19,19,19
col,col ,9,24,24-24,24,24,333,20,0,2,14,18,18,18,18,18,18,18,18,18,18,18,18,18,18,18
col,col ,10,24,24-24,24,24,334,20,0,0,15,19,19,19,19,19,19,19,19,19,19,19,19,19,19,19
col,col ,11,24,24-24,24,24,335,20,0,0,7,15,19,19,19,19,19,19,19,19,19,19,19,19,19,19
col,col ,12,24,24-24,24,24,336,20,0,6,11,16,16,16,16,16,16,16,16,16,16,16,16,16,16,16
ler,ler ,1,24,24-24,24,18,337,20,0,0,14,18,20,20,20,20,20,20,20,20,20,20,20,20,20,20
ler,ler ,2,24,24-24,24,18,338,20,0,0,12,19,20,20,20,20,20,20,20,20,20,20,20,20,20,20
ler,ler ,3,24,24-24,24,18,339,21,0,0,6,16,18,19,19,21,21,21,21,21,21,21,21,21,21,21
ler,ler ,4,24,24-24,24,18,340,20,0,0,19,20,20,20,20,20,20,20,20,20,20,20,20,20,20,20
ler,ler ,5,24,24-24,24,18,341,21,0,0,4,9,10,13,14,15,16,19,19,20,20,21,21,21,21,21
ler,ler ,6,24,24-24,24,18,342,20,0,0,4,4,6,12,16,17,17,17,17,17,17,17,17,17,17,17
ler,ler ,7,24,24-24,24,18,343,20,0,0,3,9,13,19,19,19,19,19,19,19,19,19,19,19,19,19
ler,ler ,8,24,24-24,24,18,344,20,0,0,7,11,16,17,17,17,17,17,17,17,17,17,17,17,17,17
ler,ler ,9,24,24-24,24,18,345,20,0,0,12,14,18,18,18,18,18,18,18,18,18,18,18,18,18,18
ler,ler ,10,24,24-24,24,18,346,20,0,0,7,15,19,20,20,20,20,20,20,20,20,20,20,20,20,20
ler,ler ,11,24,24-24,24,18,347,20,0,0,13,18,18,19,20,20,20,20,20,20,20,20,20,20,20,20
ler,ler ,12,24,24-24,24,18,348,19,0,0,13,17,18,18,18,18,18,18,18,18,18,18,18,18,18,18
ler,ler ,1,24,24-24,24,24,349,20,0,0,2,15,17,19,19,19,19,19,19,19,19,19,19,19,19,19
ler,ler ,2,24,24-24,24,24,350,20,0,0,6,13,15,18,18,18,18,18,18,18,18,18,18,18,18,18
ler,ler ,3,24,24-24,24,24,351,20,0,0,4,13,15,16,16,17,17,17,17,17,17,17,17,17,17,17
ler,ler ,4,24,24-24,24,24,352,20,0,0,14,20,20,20,20,20,20,20,20,20,20,20,20,20,20,20
ler,ler ,5,24,24-24,24,24,353,20,0,0,3,7,10,12,13,13,13,13,13,13,13,13,13,13,13,13
ler,ler ,6,24,24-24,24,24,354,20,0,1,3,6,9,11,11,12,13,13,14,16,17,18,19,19,19,19
ler,ler ,7,24,24-24,24,24,355,21,0,0,4,11,12,13,15,16,16,16,16,16,16,16,16,16,16,16
ler,ler ,8,24,24-24,24,24,356,20,0,0,2,11,12,13,13,13,13,13,13,13,13,13,13,13,13,13
ler,ler ,9,24,24-24,24,24,357,20,0,0,9,12,13,15,15,15,15,15,15,15,15,15,15,15,15,15
ler,ler ,10,24,24-24,24,24,358,20,0,0,6,13,14,16,16,16,16,16,16,16,16,16,16,16,16,16
ler,ler ,11,24,24-24,24,24,359,20,0,0,5,14,16,17,18,18,18,18,18,18,18,18,18,18,18,18
ler,ler ,12,24,24-24,24,24,360,20,0,0,3,11,16,17,19,19,19,19,19,19,19,19,19,19,19,19
col,rdr2,1,24,24-24,24,18,361,20,0,3,18,20,20,20,20,20,20,20,20,20,20,20,20,20,20,20
col,rdr2,2,24,24-24,24,18,362,20,0,1,16,17,18,18,18,18,18,18,18,18,18,18,18,18,18,18
col,rdr2,3,24,24-24,24,18,363,20,0,1,20,20,20,20,20,20,20,20,20,20,20,20,20,20,20,20
col,rdr2,4,24,24-24,24,18,364,20,0,1,16,18,19,19,19,19,19,19,19,19,19,19,19,19,19,19
col,rdr2,5,24,24-24,24,18,365,20,0,6,20,20,20,20,20,20,20,20,20,20,20,20,20,20,20,20
col,rdr2,6,24,24-24,24,18,366,20,0,0,19,20,20,20,20,20,20,20,20,20,20,20,20,20,20,20
col,rdr2,7,24,24-24,24,18,367,20,0,0,17,20,20,20,20,20,20,20,20,20,20,20,20,20,20,20
col,rdr2,8,24,24-24,24,18,368,20,0,0,17,19,19,19,19,19,19,19,19,19,19,19,19,19,19,19
col,rdr2,9,24,24-24,24,18,369,20,0,0,20,20,20,20,20,20,20,20,20,20,20,20,20,20,20,20
col,rdr2,1,24,24-24,24,24,370,20,0,1,17,20,20,20,20,20,20,20,20,20,20,20,20,20,20,20
col,rdr2,2,24,24-24,24,24,371,20,0,0,4,9,12,12,12,12,12,12,12,12,12,12,12,12,12,12
col,rdr2,3,24,24-24,24,24,372,20,0,2,12,18,19,19,19,19,19,19,19,19,19,19,19,19,19,19
col,rdr2,4,24,24-24,24,24,373,20,0,0,3,7,8,9,9,9,9,9,9,9,9,9,9,9,9,9
col,rdr2,5,24,24-24,24,24,374,20,0,3,14,15,15,15,15,15,15,15,15,15,15,15,15,15,15,15
col,rdr2,6,24,24-24,24,24,375,20,0,0,3,14,15,17,17,17,17,17,17,17,17,17,17,17,17,17
col,rdr2,7,24,24-24,24,24,376,20,0,1,8,10,12,13,14,14,14,14,14,14,14,14,14,14,14,14
col,rdr2,8,24,24-24,24,24,377,20,0,1,10,18,18,18,18,18,18,18,18,18,18,18,18,18,18,18
col,rdr2,9,24,24-24,24,24,378,20,0,0,11,17,18,18,18,18,18,18,18,18,18,18,18,18,18,18
col,rdr6,1,24,24-24,24,18,379,20,0,0,20,20,20,20,20,20,20,20,20,20,20,20,20,20,20,20
col,rdr6,2,24,24-24,24,24,380,20,0,1,4,10,18,18,18,18,18,18,18,18,18,18,18,18,18,18
col,rdr6,3,24,24-24,24,18,381,20,0,0,9,15,15,15,15,15,15,15,15,15,15,15,15,15,15,15
col,rdr6,4,24,24-24,24,18,382,20,0,0,13,18,18,19,19,19,19,19,19,19,19,19,19,19,19,19
col,rdr6,5,24,24-24,24,18,383,20,0,0,16,19,20,20,20,20,20,20,20,20,20,20,20,20,20,20
col,rdr6,6,24,24-24,24,18,384,20,0,0,20,20,20,20,20,20,20,20,20,20,20,20,20,20,20,20
col,rdr6,7,24,24-24,24,18,385,20,0,0,17,20,20,20,20,20,20,20,20,20,20,20,20,20,20,20
col,rdr6,8,24,24-24,24,18,386,20,0,6,18,19,20,20,20,20,20,20,20,20,20,20,20,20,20,20
col,rdr6,9,24,24-24,24,18,387,20,0,0,13,19,19,19,19,19,19,19,19,19,19,19,19,19,19,19
col,rdr6,1,24,24-24,24,24,388,20,0,0,6,10,11,11,11,11,11,11,11,11,11,11,11,11,11,11
col,rdr6,2,24,24-24,24,24,389,20,0,0,15,20,20,20,20,20,20,20,20,20,20,20,20,20,20,20
col,rdr6,3,24,24-24,24,24,390,20,0,0,1,5,5,5,5,5,5,5,5,5,5,5,5,5,5,5
col,rdr6,4,24,24-24,24,24,391,20,0,0,1,8,8,8,8,8,8,8,8,8,8,8,8,8,8,8
col,rdr6,5,24,24-24,24,24,392,20,0,0,4,6,9,9,9,9,9,9,9,9,9,9,9,9,9,9
col,rdr6,6,24,24-24,24,24,393,20,0,1,5,14,14,14,14,14,14,14,14,14,14,14,14,14,14,14
col,rdr6,7,24,24-24,24,24,394,20,0,0,5,9,9,9,9,9,9,9,9,9,9,9,9,9,9,9
col,rdr6,8,24,24-24,24,24,395,19,0,1,9,15,15,15,15,15,15,15,15,15,15,15,15,15,15,15
col,rdr6,9,24,24-24,24,24,396,20,0,0,4,9,10,10,10,10,10,10,10,10,10,10,10,10,10,10
col,dcl234,1,24,24-24,24,18,397,20,0,1,17,19,19,19,19,19,19,19,19,19,19,19,19,19,19,19
col,dcl234,2,24,24-24,24,24,398,20,0,0,1,1,2,3,3,3,3,3,3,3,3,3,3,3,3,3
col,dcl234,3,24,24-24,24,18,399,20,0,0,18,20,20,20,20,20,20,20,20,20,20,20,20,20,20,20
col,dcl234,4,24,24-24,24,18,400,20,0,0,18,18,19,19,19,19,19,19,19,19,19,19,19,19,19,19
col,dcl234,5,24,24-24,24,18,401,20,0,1,20,20,20,20,20,20,20,20,20,20,20,20,20,20,20,20
col,dcl234,6,24,24-24,24,18,402,20,0,0,19,20,20,20,20,20,20,20,20,20,20,20,20,20,20,20
col,dcl234,7,24,24-24,24,18,403,20,0,0,20,20,20,20,20,20,20,20,20,20,20,20,20,20,20,20
col,dcl234,8,24,24-24,24,18,404,20,0,1,17,18,19,19,19,19,19,19,19,19,19,19,19,19,19,19
col,dcl234,9,24,24-24,24,18,405,20,0,0,20,20,20,20,20,20,20,20,20,20,20,20,20,20,20,20
col,dcl234,1,24,24-24,24,24,406,20,0,0,2,6,7,7,7,7,7,7,7,7,7,7,7,7,7,7
col,dcl234,2,24,24-24,24,18,407,20,0,0,17,19,20,20,20,20,20,20,20,20,20,20,20,20,20,20
col,dcl234,3,24,24-24,24,24,408,20,0,0,6,13,14,14,14,14,14,14,14,14,14,14,14,14,14,14
col,dcl234,4,24,24-24,24,24,409,20,0,1,3,7,7,7,7,7,7,7,7,7,7,7,7,7,7,7
col,dcl234,5,24,24-24,24,24,410,20,0,0,6,11,11,11,11,11,11,11,11,11,11,11,11,11,11,11
col,dcl234,7,24,24-24,24,24,412,20,0,0,5,13,14,14,14,14,14,14,14,14,14,14,14,14,14,14
col,dcl234,8,24,24-24,24,24,413,20,0,0,9,17,17,17,17,17,17,17,17,17,17,17,17,17,17,17
col,dcl234,9,24,24-24,24,24,414,20,0,0,0,0,0,0,0,0,0,0,0,0,0,0,0,0,0,0
col,rdd,1,24,24-24,24,18,415,20,0,1,18,20,20,20,20,20,20,20,20,20,20,20,20,20,20,20
col,rdd,2,24,24-24,24,18,416,20,0,2,13,15,15,15,15,15,15,15,15,15,15,15,15,15,15,15
col,rdd,3,24,24-24,24,18,417,20,0,1,16,18,19,19,19,19,19,19,19,19,19,19,19,19,19,19
col,rdd,4,24,24-24,24,18,418,25,0,2,25,25,25,25,25,25,25,25,25,25,25,25,25,25,25,25
col,rdd,5,24,24-24,24,18,419,20,0,5,19,19,19,19,19,19,19,19,19,19,19,19,19,19,19,19
col,rdd,6,24,24-24,24,18,420,16,0,4,15,16,16,16,16,16,16,16,16,16,16,16,16,16,16,16
col,rdd,7,24,24-24,24,18,421,20,0,6,20,20,20,20,20,20,20,20,20,20,20,20,20,20,20,20
col,rdd,8,24,24-24,24,18,422,20,0,0,17,18,18,18,18,18,18,18,18,18,18,18,18,18,18,18
col,rdd,9,24,24-24,24,18,423,20,0,2,14,15,18,18,18,18,18,18,18,18,18,18,18,18,18,18
col,rdd,1,24,24-24,24,24,424,20,0,6,16,17,17,17,17,17,17,17,17,17,17,17,17,17,17,17
col,rdd,2,24,24-24,24,24,425,20,0,5,11,11,12,12,12,12,12,12,12,12,12,12,12,12,12,12
col,rdd,3,24,24-24,24,24,426,20,0,2,3,4,5,5,5,5,5,5,5,5,5,5,5,5,5,5
col,rdd,4,24,24-24,24,24,427,20,0,3,11,18,18,18,18,18,18,18,18,18,18,18,18,18,18,18
col,rdd,5,24,24-24,24,24,428,20,0,4,12,14,14,14,14,14,14,14,14,14,14,14,14,14,14,14
col,rdd,6,24,24-24,24,24,429,20,0,7,15,15,15,15,15,15,15,15,15,15,15,15,15,15,15,15
col,rdd,7,24,24-24,24,24,430,20,0,7,14,19,20,20,20,20,20,20,20,20,20,20,20,20,20,20
col,rdd,8,24,24-24,24,24,431,20,0,4,12,17,17,17,17,17,17,17,17,17,17,17,17,17,17,17
col,rdd,9,24,24-24,24,24,432,22,0,5,7,9,10,11,12,11,11,11,11,11,11,11,11,11,11,11
col,nrpd2a,1,24,24-24,24,18,433,20,0,6,17,18,18,18,18,18,18,18,18,18,18,18,18,18,18,18
col,nrpd2a,2,24,24-24,24,24,434,20,0,6,14,14,14,14,14,14,14,14,14,14,14,14,14,14,14,14
col,nrpd2a,3,24,24-24,24,18,435,21,0,6,19,21,21,21,21,21,21,21,21,21,21,21,21,21,21,21
col,nrpd2a,4,24,24-24,24,18,436,20,0,3,15,19,19,19,19,19,19,19,19,19,19,19,19,19,19,19
col,nrpd2a,5,24,24-24,24,18,437,20,0,6,18,19,19,19,19,19,19,19,19,19,19,19,19,19,19,19
col,nrpd2a,6,24,24-24,24,18,438,20,0,7,20,20,20,20,20,20,20,20,20,20,20,20,20,20,20,20
col,nrpd2a,7,24,24-24,24,18,439,20,0,9,20,20,20,20,20,20,20,20,20,20,20,20,20,20,20,20
col,nrpd2a,8,24,24-24,24,18,440,20,0,4,20,20,20,20,20,20,20,20,20,20,20,20,20,20,20,20
col,nrpd2a,9,24,24-24,24,18,441,20,0,4,20,20,20,20,20,20,20,20,20,20,20,20,20,20,20,20
col,nrpd2a,1,24,24-24,24,24,442,21,0,12,17,18,18,18,18,18,18,18,18,18,18,18,18,18,18,18
col,nrpd2a,2,24,24-24,24,18,443,20,0,8,20,20,20,20,20,20,20,20,20,20,20,20,20,20,20,20
col,nrpd2a,3,24,24-24,24,24,444,20,0,9,16,19,19,19,19,19,19,19,19,19,19,19,19,19,19,19
col,nrpd2a,4,24,24-24,24,24,445,20,0,5,10,11,13,13,13,13,13,13,13,13,13,13,13,13,13,13
col,nrpd2a,5,24,24-24,24,24,446,20,0,9,17,19,20,20,20,20,20,20,20,20,20,20,20,20,20,20
col,nrpd2a,6,24,24-24,24,24,447,20,0,6,15,17,17,17,17,17,17,17,17,17,17,17,17,17,17,17
col,nrpd2a,7,24,24-24,24,24,448,20,0,7,15,19,19,19,19,19,19,19,19,19,19,19,19,19,19,19
col,nrpd2a,8,24,24-24,24,24,449,20,0,4,9,15,15,15,15,15,15,15,15,15,15,15,15,15,15,15
col,nrpd2a,9,24,24-24,24,24,450,20,0,10,20,20,20,20,20,20,20,20,20,20,20,20,20,20,20,20
col,ago4,1,24,24-24,24,18,451,20,0,5,20,20,20,20,20,20,20,20,20,20,20,20,20,20,20,20
col,ago4,2,24,24-24,24,18,452,20,0,4,20,20,20,20,20,20,20,20,20,20,20,20,20,20,20,20
col,ago4,3,24,24-24,24,18,453,20,0,5,20,20,20,20,20,20,20,20,20,20,20,20,20,20,20,20
col,ago4,4,24,24-24,24,18,454,20,0,13,20,20,20,20,20,20,20,20,20,20,20,20,20,20,20,20
col,ago4,5,24,24-24,24,18,455,20,0,0,19,20,20,20,20,20,20,20,20,20,20,20,20,20,20,20
col,ago4,6,24,24-24,24,18,456,20,0,5,20,20,20,20,20,20,20,20,20,20,20,20,20,20,20,20
col,ago4,7,24,24-24,24,18,457,20,0,4,19,20,20,20,20,20,20,20,20,20,20,20,20,20,20,20
col,ago4,8,24,24-24,24,18,458,20,0,7,20,20,20,20,20,20,20,20,20,20,20,20,20,20,20,20
col,ago4,9,24,24-24,24,18,459,20,0,0,20,20,20,20,20,20,20,20,20,20,20,20,20,20,20,20
col,ago4,1,24,24-24,24,24,460,20,0,10,20,20,20,20,20,20,20,20,20,20,20,20,20,20,20,20
col,ago4,2,24,24-24,24,24,461,20,0,5,18,19,19,19,19,19,19,19,19,19,19,19,19,19,19,19
col,ago4,3,24,24-24,24,24,462,20,0,6,20,20,20,20,20,20,20,20,20,20,20,20,20,20,20,20
col,ago4,4,24,24-24,24,24,463,20,0,5,17,20,20,20,20,20,20,20,20,20,20,20,20,20,20,20
col,ago4,5,24,24-24,24,24,464,20,0,3,17,20,20,20,20,20,20,20,20,20,20,20,20,20,20,20
col,ago4,6,24,24-24,24,24,465,20,0,4,16,20,20,20,20,20,20,20,20,20,20,20,20,20,20,20
col,ago4,7,24,24-24,24,24,466,20,0,1,16,18,19,19,19,19,19,19,19,19,19,19,19,19,19,19
col,ago4,8,24,24-24,24,24,467,20,0,2,20,20,20,20,20,20,20,20,20,20,20,20,20,20,20,20
col,ago4,9,24,24-24,24,24,468,20,0,1,16,19,19,19,19,19,19,19,19,19,19,19,19,19,19,19
col,col ,1,24,24-18,18,18,469,20,0,2,2,3,3,3,3,3,3,3,3,3,3,3,3,3,3,3
col,col ,2,24,24-18,18,18,470,20,0,0,2,6,9,12,12,12,12,12,13,13,13,13,13,13,13,13
col,col ,3,24,24-18,18,18,471,20,0,0,4,7,8,9,10,11,13,13,13,14,15,15,16,16,16,16
col,col ,4,24,24-18,18,18,472,20,0,0,0,1,2,3,3,3,3,3,3,3,3,3,3,3,3,3
col,col ,5,24,24-18,18,18,473,20,0,0,1,2,4,4,4,4,4,4,4,4,4,4,4,4,4,4
col,col ,6,24,24-18,18,18,474,20,0,0,2,5,13,13,13,13,13,13,13,13,13,13,13,13,13,13
col,col ,7,24,24-18,18,18,475,20,0,0,2,3,4,9,10,10,10,10,10,10,10,10,10,10,10,10
col,col ,8,24,24-18,18,18,476,20,0,0,1,1,5,6,6,6,6,6,6,6,6,6,6,6,6,6
col,col ,9,24,24-18,18,18,477,20,0,0,1,2,2,7,7,7,7,7,7,7,7,7,7,7,7,7
col,col ,10,24,24-18,18,18,478,20,0,0,0,0,2,3,3,3,3,3,3,3,3,3,3,3,3,3
col,col ,11,24,24-18,18,18,479,20,0,0,1,1,1,1,1,1,1,1,1,1,1,1,1,1,1,1
col,col ,12,24,24-18,18,18,480,20,0,0,0,1,3,3,4,4,4,4,4,4,4,4,4,4,4,4
col,col ,1,24,24-18,18,24,481,20,0,0,0,1,1,1,1,1,1,1,1,1,1,1,1,1,1,1
col,col ,2,24,24-18,18,24,482,20,0,0,0,0,0,0,0,0,0,0,0,0,0,0,0,0,0,0
col,col ,3,24,24-18,18,24,483,20,0,0,1,2,4,4,4,4,4,4,4,4,4,4,4,4,4,4
col,col ,4,24,24-18,18,24,484,20,0,0,0,0,0,0,0,0,0,0,0,0,0,0,0,0,0,0
col,col ,5,24,24-18,18,24,485,20,0,0,0,1,1,1,1,1,1,1,1,1,1,1,1,1,1,1
col,col ,6,24,24-18,18,24,486,20,0,0,0,0,0,0,0,0,0,0,0,0,0,0,0,0,0,0
col,col ,7,24,24-18,18,24,487,20,0,0,0,0,0,0,0,0,0,0,0,0,0,0,0,0,0,0
col,col ,8,24,24-18,18,24,488,17,0,0,0,1,1,1,1,1,1,1,1,1,1,1,1,1,1,1
col,col ,9,24,24-18,18,24,489,19,0,0,0,0,2,2,2,3,3,3,3,3,3,3,3,3,3,3
col,col ,10,24,24-18,18,24,490,20,0,0,0,0,0,0,0,0,0,0,0,0,0,0,0,0,0,0
col,col ,11,24,24-18,18,24,491,20,0,0,1,1,1,1,1,1,1,1,1,1,1,1,1,1,1,1
col,col ,12,24,24-18,18,24,492,20,0,0,0,0,2,2,2,2,2,2,2,2,2,2,2,2,2,2
ler,ler ,1,24,24-18,18,18,493,20,0,0,0,0,0,0,0,0,0,0,0,0,0,0,0,0,0,0
ler,ler ,2,24,24-18,18,18,494,20,0,0,0,0,1,1,1,1,1,1,1,1,1,1,1,1,1,1
ler,ler ,3,24,24-18,18,18,495,19,0,0,1,1,2,2,3,3,3,3,3,3,3,3,3,3,3,3
ler,ler ,4,24,24-18,18,18,496,20,0,0,0,0,0,0,1,2,4,4,4,4,4,4,4,4,4,4
ler,ler ,5,24,24-18,18,18,497,20,0,0,0,0,0,3,3,3,3,3,3,3,3,3,3,3,3,3
ler,ler ,6,24,24-18,18,18,498,20,0,0,0,1,2,4,4,5,5,5,5,5,5,5,5,5,5,5
ler,ler ,7,24,24-18,18,18,499,20,0,0,0,0,0,1,2,2,2,2,2,2,2,2,2,2,2,2
ler,ler ,8,24,24-18,18,18,500,20,0,0,0,0,1,3,7,8,11,12,13,13,13,13,13,13,13,13
ler,ler ,9,24,24-18,18,18,501,20,0,0,0,0,0,0,0,0,0,0,1,1,2,2,2,2,2,2
ler,ler ,10,24,24-18,18,18,502,20,0,0,0,0,3,3,3,3,3,3,3,3,3,3,3,3,3,3
ler,ler ,11,24,24-18,18,18,503,20,0,0,0,1,3,3,3,3,3,3,3,3,3,3,3,3,3,3
ler,ler ,12,24,24-18,18,18,504,20,0,0,0,1,2,2,2,4,4,4,4,4,4,4,4,4,4,4
ler,ler ,1,24,24-18,18,24,505,20,0,0,0,0,0,0,1,1,1,1,1,1,1,1,1,1,1,1
ler,ler ,2,24,24-18,18,24,506,20,0,0,1,1,1,1,1,1,1,1,1,1,1,1,1,1,1,1
ler,ler ,3,24,24-18,18,24,507,20,0,0,0,0,0,0,0,0,0,0,0,0,0,0,0,0,0,0
ler,ler ,4,24,24-18,18,24,508,20,0,0,1,1,1,2,3,3,3,3,3,3,3,3,3,3,3,3
ler,ler ,5,24,24-18,18,24,509,20,0,0,0,0,0,1,1,1,1,1,1,1,1,1,1,1,1,1
ler,ler ,6,24,24-18,18,24,510,20,0,0,0,0,0,0,0,0,0,0,0,0,0,0,0,0,0,0
ler,ler ,7,24,24-18,18,24,511,20,0,0,1,1,1,1,1,1,1,1,1,1,1,1,1,1,1,1
ler,ler ,8,24,24-18,18,24,512,19,0,0,0,0,0,0,0,0,0,0,1,1,1,1,1,1,1,1
ler,ler ,9,24,24-18,18,24,513,20,0,0,1,4,6,6,6,7,7,7,7,7,7,7,7,7,7,7
ler,ler ,10,24,24-18,18,24,514,20,0,0,1,1,1,1,1,1,1,1,1,1,1,1,1,1,1,1
ler,ler ,11,24,24-18,18,24,515,20,0,0,2,2,2,2,2,2,2,2,2,2,2,2,2,2,2,2
ler,ler ,12,24,24-18,18,24,516,20,0,0,0,0,0,0,0,0,0,0,0,0,0,0,0,0,0,0
col,rdr2,1,24,24-18,18,18,517,20,0,0,0,0,2,5,5,5,5,5,5,5,5,5,5,5,5,5
col,rdr2,2,24,24-18,18,18,518,20,0,0,0,3,12,14,14,14,14,14,14,14,14,14,14,14,14,14
col,rdr2,3,24,24-18,18,18,519,19,0,0,0,0,4,7,8,8,8,8,8,8,8,8,8,8,8,8
col,rdr2,4,24,24-18,18,18,520,20,0,0,3,9,9,11,13,13,13,13,13,13,13,13,13,13,13,13
col,rdr2,5,24,24-18,18,18,521,20,0,0,0,9,11,12,12,12,12,12,12,12,12,12,12,12,12,12
col,rdr2,6,24,24-18,18,18,522,20,0,0,0,2,4,5,5,5,5,5,5,5,5,5,5,5,5,5
col,rdr2,7,24,24-18,18,18,523,20,0,0,0,2,2,2,2,2,2,2,2,2,2,2,2,2,2,2
col,rdr2,8,24,24-18,18,18,524,20,0,0,0,2,8,9,9,9,9,9,9,9,9,9,9,9,9,9
col,rdr2,9,24,24-18,18,18,525,20,0,0,0,3,13,15,16,16,16,16,16,16,16,16,16,16,16,16
col,rdr2,1,24,24-18,18,24,526,20,0,0,0,0,0,0,0,0,0,0,0,0,0,0,0,0,0,0
col,rdr2,2,24,24-18,18,24,527,20,0,0,0,0,1,1,1,1,1,1,1,1,1,1,1,1,1,1
col,rdr2,3,24,24-18,18,24,528,20,0,0,0,1,1,1,1,1,1,1,1,1,1,1,1,1,1,1
col,rdr2,4,24,24-18,18,24,529,20,0,0,1,3,3,3,3,3,3,3,3,3,3,3,3,3,3,3
col,rdr2,5,24,24-18,18,24,530,20,0,0,0,0,1,1,1,1,2,3,3,3,3,3,3,3,3,3
col,rdr2,6,24,24-18,18,24,531,20,0,0,0,0,0,0,0,0,0,0,0,0,0,0,0,0,0,0
col,rdr2,7,24,24-18,18,24,532,20,0,0,0,0,0,1,1,1,1,1,1,1,1,1,1,1,1,1
col,rdr2,8,24,24-18,18,24,533,20,0,0,0,0,0,0,0,0,0,0,0,0,0,0,0,0,0,0
col,rdr2,9,24,24-18,18,24,534,20,0,0,0,1,2,3,3,3,3,3,3,3,3,3,3,3,3,3
col,rdr6,1,24,24-18,18,18,535,21,0,0,0,0,10,11,16,16,16,16,16,16,16,16,16,16,16,16
col,rdr6,2,24,24-18,18,18,536,20,0,0,2,9,17,18,18,18,18,18,18,18,18,18,18,18,18,18
col,rdr6,3,24,24-18,18,18,537,20,0,0,0,0,8,8,10,11,11,11,11,11,11,11,11,11,11,11
col,rdr6,4,24,24-18,18,18,538,20,0,0,4,5,5,5,5,5,5,5,6,7,8,8,10,10,10,10
col,rdr6,5,24,24-18,18,18,539,20,0,0,0,0,4,4,4,4,5,5,5,5,5,5,5,5,5,5
col,rdr6,6,24,24-18,18,18,540,20,0,0,0,0,0,3,4,4,4,4,4,4,4,4,4,4,4,4
col,rdr6,7,24,24-18,18,18,541,20,0,0,0,0,0,6,6,6,6,6,6,6,6,6,6,6,6,6
col,rdr6,8,24,24-18,18,18,542,20,0,0,0,0,0,1,1,2,2,2,2,2,2,2,2,2,2,2
col,rdr6,9,24,24-18,18,18,543,20,0,0,0,3,15,17,17,17,17,17,17,17,17,17,17,17,17,17
col,rdr6,1,24,24-18,18,24,544,20,0,0,0,0,0,0,0,0,0,0,0,0,0,0,0,0,0,0
col,rdr6,2,24,24-18,18,24,545,20,0,0,0,2,11,12,12,12,12,12,12,12,12,12,12,12,12,12
col,rdr6,3,24,24-18,18,24,546,20,0,0,0,1,7,8,8,8,8,8,8,8,8,8,8,8,8,8
col,rdr6,4,24,24-18,18,24,547,20,0,0,0,1,1,1,2,5,5,7,9,10,11,15,16,16,16,16
col,rdr6,5,24,24-18,18,24,548,20,0,0,0,0,0,0,0,0,0,0,0,0,0,0,0,0,0,0
col,rdr6,6,24,24-18,18,24,549,20,0,0,0,0,0,0,0,0,0,0,0,0,0,0,0,0,0,0
col,rdr6,7,24,24-18,18,24,550,20,0,0,0,0,0,0,0,0,0,0,0,0,0,0,0,0,0,0
col,rdr6,8,24,24-18,18,24,551,20,0,0,0,0,0,0,0,0,0,0,0,0,0,0,0,0,0,0
col,rdr6,9,24,24-18,18,24,552,20,0,0,1,1,1,2,2,2,2,2,2,2,2,2,2,2,2,2
col,dcl234,1,24,24-18,18,18,553,20,0,0,0,0,0,0,0,1,1,1,1,1,1,1,1,1,1,1
col,dcl234,2,24,24-18,18,18,554,20,0,0,0,3,13,13,15,15,15,15,16,18,18,19,19,19,19,19
col,dcl234,3,24,24-18,18,18,555,20,0,0,0,1,1,1,1,1,1,1,1,1,1,1,1,1,1,1
col,dcl234,4,24,24-18,18,18,556,20,0,0,0,1,4,5,7,7,7,7,7,7,7,7,7,7,7,7
col,dcl234,5,24,24-18,18,18,557,20,0,0,0,0,2,3,3,3,3,3,3,3,3,3,3,3,3,3
col,dcl234,6,24,24-18,18,18,558,20,0,0,0,0,0,0,0,0,0,0,0,0,0,0,0,0,0,0
col,dcl234,7,24,24-18,18,18,559,20,0,0,0,2,3,5,6,6,6,6,6,6,6,6,6,6,6,6
col,dcl234,8,24,24-18,18,18,560,20,0,0,0,0,0,0,0,0,0,0,0,0,0,0,0,0,0,0
col,dcl234,9,24,24-18,18,18,561,20,0,0,0,0,0,3,3,4,4,4,5,5,5,5,5,5,5,5
col,dcl234,1,24,24-18,18,24,562,20,0,0,0,0,0,0,0,0,0,0,0,0,0,0,0,0,0,0
col,dcl234,2,24,24-18,18,24,563,20,0,0,0,0,0,0,0,0,0,0,0,0,0,0,0,0,0,0
col,dcl234,3,24,24-18,18,24,564,20,0,0,0,0,0,0,0,0,0,0,0,0,0,0,0,0,0,0
col,dcl234,4,24,24-18,18,24,565,20,0,0,0,0,0,0,0,0,0,0,0,0,0,0,0,0,0,0
col,dcl234,5,24,24-18,18,24,566,20,0,0,0,0,0,0,0,0,0,0,0,0,0,0,0,0,0,0
col,dcl234,6,24,24-18,18,24,567,20,0,0,0,0,0,0,0,0,0,0,0,0,0,0,0,0,0,0
col,dcl234,7,24,24-18,18,24,568,20,0,0,0,0,0,0,0,0,0,0,0,0,0,0,0,0,0,0
col,dcl234,8,24,24-18,18,24,569,20,0,0,0,0,0,0,0,0,0,0,0,0,0,0,0,0,0,0
col,dcl234,9,24,24-18,18,24,570,19,0,0,0,0,0,0,0,0,0,0,0,0,0,0,0,0,0,0
col,rdd,1,24,24-18,18,18,571,20,0,1,2,2,3,3,3,3,3,3,3,3,3,3,3,3,3,3
col,rdd,2,24,24-18,18,18,572,20,0,0,1,1,1,1,1,1,1,1,1,1,1,1,1,1,1,1
col,rdd,3,24,24-18,18,18,573,20,0,0,3,3,6,7,7,7,7,7,7,7,7,7,7,7,7,7
col,rdd,4,24,24-18,18,18,574,20,0,2,4,4,5,5,5,5,5,5,5,5,5,5,5,5,5,5
col,rdd,5,24,24-18,18,18,575,20,0,0,3,3,3,3,4,5,5,5,5,5,5,5,5,5,5,5
col,rdd,6,24,24-18,18,18,576,20,0,0,0,2,3,3,3,3,3,3,3,3,3,3,3,3,3,3
col,rdd,7,24,24-18,18,18,577,20,0,0,0,0,0,0,0,0,0,0,0,0,0,0,0,0,0,0
col,rdd,8,24,24-18,18,18,578,20,0,0,1,2,2,2,2,2,2,2,2,2,2,2,2,2,2,2
col,rdd,9,24,24-18,18,18,579,20,0,0,0,2,2,3,3,3,3,3,3,3,3,3,3,3,3,3
col,rdd,1,24,24-18,18,24,580,20,0,0,0,1,1,1,1,1,1,1,1,1,1,1,1,1,1,1
col,rdd,2,24,24-18,18,24,581,20,0,0,1,1,1,1,1,1,1,1,1,1,1,1,1,1,1,1
col,rdd,3,24,24-18,18,24,582,20,0,0,0,1,1,1,1,1,1,1,1,1,1,1,1,1,1,1
col,rdd,4,24,24-18,18,24,583,20,0,0,1,2,2,2,2,2,2,2,2,2,2,2,2,2,2,2
col,rdd,5,24,24-18,18,24,584,20,0,0,0,0,0,0,0,0,0,0,0,0,0,0,0,0,0,0
col,rdd,6,24,24-18,18,24,585,20,0,0,0,0,5,5,5,5,5,5,5,5,5,5,5,5,5,5
col,rdd,7,24,24-18,18,24,586,20,0,0,0,1,1,1,1,1,1,1,1,1,1,1,1,1,1,1
col,rdd,8,24,24-18,18,24,587,20,0,0,1,1,1,1,1,1,1,1,1,1,1,1,1,1,1,1
col,rdd,9,24,24-18,18,24,588,20,0,0,2,3,3,3,3,3,3,3,3,3,3,3,3,3,3,3
col,nrpd2a,1,24,24-18,18,18,589,20,0,0,2,8,10,11,11,11,11,11,11,11,11,11,11,11,11,11
col,nrpd2a,2,24,24-18,18,18,590,20,0,0,1,7,7,7,7,7,7,7,7,7,7,7,7,7,7,7
col,nrpd2a,3,24,24-18,18,18,591,21,0,1,2,3,4,5,5,5,5,5,5,5,5,5,5,5,5,5
col,nrpd2a,4,24,24-18,18,18,592,20,0,1,4,4,10,10,10,10,10,10,10,10,10,10,10,10,10,10
col,nrpd2a,5,24,24-18,18,18,593,20,0,1,8,11,13,13,13,13,13,13,13,13,13,13,13,13,13,13
col,nrpd2a,6,24,24-18,18,18,594,20,0,0,0,5,5,5,6,6,6,6,6,6,6,6,6,6,6,6
col,nrpd2a,7,24,24-18,18,18,595,20,0,0,3,5,10,10,10,10,10,10,10,10,10,10,10,10,10,10
col,nrpd2a,8,24,24-18,18,18,596,20,0,0,0,1,2,3,4,4,4,4,4,4,4,4,4,4,4,4
col,nrpd2a,9,24,24-18,18,18,597,20,0,0,0,2,3,5,5,5,5,5,5,5,5,5,5,5,5,5
col,nrpd2a,1,24,24-18,18,24,598,20,0,0,4,5,5,5,5,5,5,5,5,5,5,5,5,5,5,5
col,nrpd2a,2,24,24-18,18,24,599,20,0,0,2,3,3,3,3,3,3,3,3,3,3,3,3,3,3,3
col,nrpd2a,3,24,24-18,18,24,600,20,0,0,0,2,2,2,2,2,2,2,2,2,2,2,2,2,2,2
col,nrpd2a,4,24,24-18,18,24,601,20,0,0,6,9,11,11,11,11,11,11,11,11,11,11,11,11,11,11
col,nrpd2a,5,24,24-18,18,24,602,20,0,0,1,5,5,5,5,5,5,5,5,5,5,5,5,5,5,5
col,nrpd2a,6,24,24-18,18,24,603,20,0,0,1,2,3,3,3,3,3,3,3,3,3,3,3,3,3,3
col,nrpd2a,7,24,24-18,18,24,604,20,0,0,2,2,2,3,3,3,3,3,3,3,3,3,3,3,3,3
col,nrpd2a,8,24,24-18,18,24,605,20,0,0,2,4,4,4,4,4,4,4,4,4,4,4,4,4,4,4
col,nrpd2a,9,24,24-18,18,24,606,20,0,0,1,1,1,1,2,9,9,13,15,15,18,18,18,18,18,18
col,ago4,1,24,24-18,18,18,607,20,0,0,4,7,14,15,15,15,15,15,15,15,15,15,15,15,15,15
col,ago4,2,24,24-18,18,24,608,20,0,0,0,4,4,4,4,4,4,4,4,4,4,4,4,4,4,4
col,ago4,3,24,24-18,18,18,609,20,0,0,6,10,14,14,14,14,14,14,14,14,14,14,14,14,14,14
col,ago4,4,24,24-18,18,18,610,20,0,1,2,3,4,6,8,8,9,9,9,9,9,9,9,9,9,9
col,ago4,5,24,24-18,18,18,611,20,0,0,3,5,10,11,12,12,12,12,12,12,12,12,12,12,12,12
col,ago4,6,24,24-18,18,18,612,20,0,0,0,0,1,1,1,1,1,1,1,1,1,1,1,1,1,1
col,ago4,7,24,24-18,18,18,613,20,0,0,0,2,6,9,9,9,9,10,10,13,15,16,17,17,17,17
col,ago4,8,24,24-18,18,18,614,20,0,0,2,4,9,9,11,11,11,11,11,11,11,11,11,11,11,11
col,ago4,9,24,24-18,18,18,615,20,0,2,4,9,11,12,12,12,12,12,12,12,12,12,12,12,12,12
col,ago4,1,24,24-18,18,24,616,20,0,1,4,5,6,6,6,6,6,6,6,6,6,6,6,6,6,6
col,ago4,2,24,24-18,18,18,617,20,0,2,13,15,17,17,17,17,17,17,17,17,17,17,17,17,17,17
col,ago4,3,24,24-18,18,24,618,20,0,0,1,2,10,13,14,14,14,14,14,14,14,14,14,14,14,14
col,ago4,4,24,24-18,18,24,619,20,0,0,1,1,2,3,3,3,3,3,3,3,3,3,3,3,3,3
col,ago4,5,24,24-18,18,24,620,20,0,0,0,3,4,4,4,4,4,4,4,4,4,4,4,4,4,4
col,ago4,6,24,24-18,18,24,621,20,0,0,0,0,0,0,0,0,0,0,0,0,0,0,0,0,0,0
col,ago4,7,24,24-18,18,24,622,20,0,0,0,0,1,1,1,1,1,1,1,1,1,1,1,1,1,1
col,ago4,8,24,24-18,18,24,623,20,0,0,2,3,4,4,4,4,4,4,4,4,4,4,4,4,4,4
col,ago4,9,24,24-18,18,24,624,20,0,1,3,6,6,6,6,6,6,6,6,6,6,6,6,6,6,6
